用語,AI キーワード,ヨミカタ,作成日時,最終更新日時,最終更新者,略語・別称,説明
akamai,CDN技術,アカマイ,2023年3月20日 18:13,2025年4月7日 8:25,Yohei Sugisaki,　,CDNを提供する会社。mTGもakamaiのCDNを利用している。
アクションポイント,"ポイントプログラム, 新しいサービス, 顧客サービス",アクションポイント,2023年3月20日 18:13,2026年3月29日 10:46,Yohei Sugisaki,AcP,"myTOKYOGAS
  会員に対するポイント付与において、毎月の料金連動に伴って付与するポイント以外で、ログインや特定のアクション（広告をクリック等）に伴って付与するポイント。"
1x,"ガス管理, データ管理, メーター管理",イチペケ,2023年3月20日 18:13,2025年4月7日 8:26,Yohei Sugisaki,　,ガスメータに関する情報(設置場所、取り付け日、開栓状態等）を持つテーブル。
移転閉栓,移転手続き,イテンヘイセン,2023年3月20日 18:13,2025年4月7日 8:26,Yohei Sugisaki,　,お客さまの移転（引越し）によって閉栓すること。
一括請求,"ガス料金計算, 料金管理, 請求サービス",イッカツセイキュウ,2023年3月20日 18:13,2025年4月7日 8:26,Yohei Sugisaki,　,2件以上のガス使用契約がある場合に、ガス使用契約ごとの複数のガス料金を一括（まとめ）して、合計金額で請求するサービス。請求方法が「払込み」の場合、合計金額の払込書（１枚）を発行する。「口座振替」の場合、合計金額を口座から一括振替（引落）する。
異名義契約,"ガス契約管理, 契約用語, 契約管理",イメイギケイヤク,2023年3月20日 18:13,2025年4月7日 8:26,Yohei Sugisaki,　,使用者と料金支払者が別に存在する契約のこと（使用者≠支払者）
SPA,"アプリケーション, ウェブ技術, フロントエンド開発",エスピーエー,2023年3月20日 18:13,2025年4月7日 8:27,Yohei Sugisaki,　,"Single Page Applicationの略称。
    単一のページでコンテンツの切り替えを行うWebアプリケーションの設計方法。
    初回のアクセスのみサーバから返却されたHTMLを表示し、２回目以降は差分情報の取得及び更新を行う。"
WebView,ウェブ技術,ウェブビュー,2023年3月20日 18:13,2025年4月7日 8:26,Yohei Sugisaki,　,HTMLコンテンツを、ネイティブアプリ内で表示できるようにすること。
SVN,"システム, ドキュメント管理, バックエンド処理",エスブイエヌ,2023年3月20日 18:13,2025年6月4日 17:54,Ayaka Nakamichi,　,"ソースコードのバージョン管理システムの一種。
昔のmTGの設計書やバックエンドの設計書はここに保管されている。"
MPA,"ウェブアプリケーション, デザイン原則, フロントエンド開発",エムピーエー,2023年3月20日 18:13,2023年3月20日 18:15,Yuki Senuma,　,"Multi Page Applicationの略称。
    複数のページで構成されるWebアプリケーションの設計方法。
    従来通り、サーバから返却されたHTMLをブラウザに表示する。"
オーナー個別,"ガス契約管理, 請求サービス, 顧客サービス",オーナーコベツ,2023年3月20日 18:13,2023年3月20日 18:15,Yuki Senuma,　,検針回分・検針方法・支払方法が同一である2件以上のガス使用契約がある場合に、請求書を一箇所へまとめて送付するサービス。請求方法が「払込み」の場合、ガス使用契約ごとの個別の払込書を一つの封筒に入れて送付。「口座振替」の場合、ガス使用契約ごとに個別に振替し、個別の振替済領収証を一つの封筒に入れて送付する。
お客さま検針,"ガス管理, メーター管理, 顧客サービス",オキャクサマケンシン,2023年3月20日 18:13,2023年3月20日 18:15,Yuki Senuma,客検,お客さま検針の略称。
お客さまセンター,"顧客サービス, 顧客対応, 顧客管理",オキャクサマセンター,2023年3月20日 18:13,2023年11月20日 17:19,和田理恵,"お客さまC, 客C",お客さまからのお申し出・お問合せのフロント。お客さまセンターの略称。
お客さまポータル,"会員管理, 顧客サービス, 顧客管理システム",オキャクサマポータル,2023年3月20日 18:13,2023年3月20日 18:15,Yuki Senuma,myTOKYOGAS、cp、お客様ポータル,「ガス・電気のお客様にお得な情報や料金・使用料等が参照」できる会員サイトと「電気のお申込み」ができる非会員サイトの総称。
お知らせコンテンツ,"契約管理, 料金管理, 顧客サービス",オシラセコンテンツ,2023年3月20日 18:13,2023年3月20日 18:15,Yuki Senuma,　,"契約更新・約款変更・料金改定のお知らせなど、お知らせ欄に表示されるコンテンツ
    （お知らせコンテンツの例）
    ・電気、家庭用選択約款の契約更新のお知らせ（事業法対応）　
    ・約款変更、料金改定等の周知（事業法対応）
    ・保安周知→お客さま保安部にてHPでの対応を検討中
    ・システム対応のお知らせ（CIRIUS)"
オムニチャネル,"小売業務, 新しいサービス, 顧客管理",オムニチャネル,2023年3月20日 18:13,2026年3月29日 10:47,Yohei Sugisaki,オムニ,"小売業における販売戦略の一つ。実店舗、通販サイト、コーポレートサイト、アプリなど、販売経路を統合し、あらゆる接点を使って情報提供や販売促進などを行う戦略のこと。
※引用元：https://www.otsuka-shokai.co.jp/words/omni-channel.html
東京ガスにおけるオムニチャネルとしては、顧客管理（TG-CRM）、次期THANKSである受付基盤・履歴基幹、リコメンド管理（TG-MA）、マーケティング支援（DMP）、分析基盤（ANNA・ELSA・DM/DAM）が対象となる。"
Oracle IDCS,"クラウドサービス, システム, ユーザー認証",オラクルアイディーシーエス,2023年3月20日 18:13,2025年4月16日 23:16,Yusuke Sugiyama,　,"Oracle Identify Cloud Service。Oracle
  Cloudで提供されるID管理・認証基盤を指す。"
オンプレミス,"システム, 新技術",オンプレミス,2023年3月20日 18:13,2023年3月20日 18:15,Yuki Senuma,　,サーバやソフトウェアなどの情報システムを、使用者が管理している施設の構内に設置して運用すること。（例：幕張）
回分,"ガス管理, 顧客管理",カイブン,2023年3月20日 18:13,2023年3月20日 18:15,Yuki Senuma,　,正式には検針回分のこと。東京ガスでは、回分ごとに検針が管理されており、1回から18回までの18回分にわかれている。それぞれの月毎に各検針回分の検針日、口座振替日などが指定されている。
開栓,"ガスサービス, ガス業務改革, 顧客サービス管理",カイセン,2023年3月20日 18:13,2023年3月20日 18:15,Yuki Senuma,　,ガス栓を開く事。ガス栓を開く事で、ガス使用開始となる。主に新しい居住者が入居した際に行う。
ガス使用契約,"ガスサービス, ガス契約管理, 契約管理",ガスシヨウケイヤク,2023年3月20日 18:13,2023年3月20日 18:15,Yuki Senuma,　,東京ガスの供給圏内において、東京ガスと契約してガスを使用する旨の契約。番号は4x（よんぺけ）と呼ばれることが多い。
家選,,カセン,2023年3月20日 18:13,2023年3月20日 18:15,Yuki Senuma,　,家庭用選択約款の略称。
ガスメーター設置場所,"ガスサービス, ガス管理, 設置情報",ガスメーターセッチバショ,2023年3月20日 18:13,2023年3月20日 18:15,Yuki Senuma,メーター設置場所,お客さまのガスメーターを設置してある場所。東京ガスの供給圏内のお客さまのみが保持しうる。番号は1x（いちぺけ）と呼ばれることが多い。
季節閉栓,"ガスサービス, ガス管理, 業務プロセス",キセツヘイセン,2023年3月20日 18:13,2023年3月20日 18:15,Yuki Senuma,　,ガス使用契約者の変更を伴わない一時的な閉栓。冬期暖房時のみ使用するメータの春季閉栓が多い。閉栓作業もガス料金精算を行わないなど業務取扱いが移転閉栓より簡略である。
供給区域,"ガス・電気, 政府機関, 業界用語",キョウキュウクイキ,2023年3月20日 18:13,2023年3月20日 18:15,Yuki Senuma,　,一般ガス事業者が経済産業大臣の許可を得て、ガス供給を行なえる区域。エリア外対応とは、この供給区域外におけるサービス・販売活動の事を指す。
cloak,"システム統合, 情報連携, 顧客管理システム",クローク,2023年3月20日 18:13,2023年3月20日 18:15,Yuki Senuma,JRK、情報連携キー基盤,"各連携システム（商材・コミュニケーションチャネル）の契約管理システムが保有するお客さまキーと契約キーを収集し、同一のお客さまと特定できた複数のお客さまキーの紐付を管理する基盤システム。この基盤の活用により、各アプリケーションでは複数商材横断でのお客さまキーと契約キーの紐付と主キーの照会が可能となる。
    本基盤は、サービス情報基盤を構成する基盤の1つであり、他にAPI連携基盤・API共通実行基盤が存在する。"
口振,"システム, 社内用語, 金融業界",コウフリ,2023年3月20日 18:13,2023年3月20日 18:15,Yuki Senuma,口座振替,支払方法の１つ。口座振替のことを略して口振と呼ぶことが多い
契約事務センター,契約管理,ケイヤクジムセンター,2023年3月20日 18:13,2023年3月20日 18:15,Yuki Senuma,　,契約事務について扱う部署。
広告コンテンツ,"mTG/myTOKYOGAS, サービス, 新規顧客獲得",コウコクコンテンツ,2023年3月20日 18:13,2023年3月20日 18:15,Yuki Senuma,　,"販促やサービスのキャンペーンプロモーションなど、広告バナーに表示されるコンテンツ。
    （広告コンテンツの例）
    ・電気契約販売促進
    ・ガス機器スペシャルサポート販売促進
    ・myTOKYOGAS加入促進"
号変,"ガス・電気, スマートメーター, 新技術",ゴウヘン,2023年3月20日 18:13,2023年3月20日 18:15,Yuki Senuma,　,メーターの大きさ。使用量によってメーターの大きさを変えること。
サービス契約,"ガス・電気, サービス, サービス契約管理",サービスケイヤク,2023年3月20日 18:13,2023年3月20日 18:15,Yuki Senuma,　,TESメンテナンスサービスなど、ガス使用以外の、付随的なサービスに関する契約一般の総称。
コンテナ基盤,"ITインフラ, ガス・電気, システム",コンテナキバン,2023年3月20日 18:13,2023年3月20日 18:15,Yuki Senuma,　,コンテナアプリケーションを開発・実行する基盤のこと。コンテナエンジンやOSが該当する。
THANKS,"ガス・電気, サービス, ユーティリティ管理, 業務連携, 社内用語, 顧客サービス管理",サンクス,2023年3月20日 18:13,2023年3月20日 18:15,Yuki Senuma,　,お客さまからの開閉栓・機器修理等の受付～作業余力管理～業務連絡票発行の一連業務について一元管理を行う。
3x,"ガス・電気, サービス, データベース",サンペケ,2023年3月20日 18:13,2023年3月20日 18:15,Yuki Senuma,　,お客様に関する情報を持つテーブル。
GHP,"ガス・電気, システム, 新エネルギー",ジーエイチピー,2023年3月20日 18:13,2025年1月28日 14:39,岩渕健一,　,ガスヒートポンプ、ガスを利用したエアコンのこと。エアコンはヒートポンプと呼ばれる仕組みで暖房/冷房を行うがそのヒートポンプをガスエンジンで動かす。
CMS,"サービス, システム, デジタルコンテンツ管理",シーエムエス,2023年3月20日 18:13,2023年11月20日 17:20,和田理恵,　,Contents Management Systemの略。ウェブコンテンツを構成するテキストや画像等を体系的に管理し、配信などの処理を行うシステムのこと。
自動検針システム,"ガス・電気, システム, 自動化技術",ジドウケンシンシステム,2023年3月20日 18:13,2023年3月20日 18:15,Yuki Senuma,　,ＣＩＳから検針依頼データを検針回分単位で受け、マイコンメーターとの通信により自動的に検針し、検針結果（指針値、検針不能分はその理由）をＣＩＳへ返送する。
支払契約（2x）,"サービス, システム, 金融サービス",シハライケイヤクカッコニペケ,2023年3月20日 18:13,2023年3月20日 18:15,Yuki Senuma,　,"お客さまの支払契約に関する情報（支払方法、口座、金額等）を持つテーブル。
    キー体系が支払契約番号（2x）+世代管理番号である為、支払契約（2x）と称している認識。
    CIRIUSのテーブル。子テーブルには、支払方法毎の口座振替関連情報、カード払い関連情報、払込関連情報が存在する。"
集合物件,"不動産用語, 業界用語, 物件管理システム",シュウゴウブッケン,2023年3月20日 18:13,2023年3月20日 18:15,Yuki Senuma,　,マンション・アパートなどを指す。
shufoo!,"クラウドサービス, サービス, システム",シュフー,2023年3月20日 18:13,2025年1月6日 12:57,岩渕健一,　,"shufoo!というチラシアプリのクラウドを指す。
昔のmyTOKYOGASアプリはShufoo!のアプリをベースに構築・運用していたので、その名残が各所に残っている。"
所有機器,"サービス, システム, 社内用語, 運用システム, 顧客機器管理",ショユウキキ,2023年3月20日 18:13,2023年3月20日 18:15,Yuki Senuma,　,お客さまの所有する機器を指す。
CIRIUS,"ガス・電気, ガス業務改革, システム, 新システム, 顧客情報管理",シリウス,2023年3月20日 18:13,2023年3月20日 18:15,Yuki Senuma,　,"ガス料金業務全般を取り扱う、東京ガスグループにおける最大の基幹システムである「CIS」を再構築したシステム。
    システム名の由来は
    Customer Information Relational - and - Independent United Systems
    （関係性と独立性を持った、お客さま情報システム連合体）
    
    以下を実現する事を目的に再構築された。（2019/5：１期稼働、2021/1：２期稼働）
    1. 大規模障害リスクの低減と障害に強いシステムの実現
    2. 政策対応力の向上を目指した事業変化に強いシステム・事業プロセスの実現
    3. システム再構築に合わせた業務改革・コストダウン
    
   
  ガスビジネスに関する「受付」「契約管理」「料金計算」「請求・回収」業務およびそれに付随する管理業務が範囲。（域外は対象外）　※「受付」は未対応
    将来は、電気・熱料金や付帯サービス等、ガスビジネス以外の契約管理に関する業務も範囲として検討されている。"
Super-X(SuperX),"ガス・電気, 料金計算, 顧客管理システム",スーパーエックス,2023年3月20日 18:13,2025年6月18日 10:24,Gakuyou Tomita,域外CIS,"域外（東京ガスの供給エリア外）ガスのCIS（Customer Information
  System）。
   
  域外ガスに関するお客さま情報を取り扱うシステム。ガス事業向けの販売管理・料金計算・顧客情報管理システム。"
ずっともガス,"ガス・電気, ガス料金, サービス, ポイント制度, 新料金プラン",ズットモガス,2023年3月20日 18:13,2023年3月20日 18:15,Yuki Senuma,　,東京ガスのガス自由料金メニュー。毎月のガス料金1000円（税込み）につき5ポイントのパッチョポイントを付与。
ずっとも電気,"ガス・電気, サービス, ポイントプログラム, 電力サービス, 顧客サービス",ズットモデンキ,2023年3月20日 18:13,2023年3月20日 18:15,Yuki Senuma,　,東京ガスの低圧電力メニュー。ずっとも電気1S、ずっとも電気1、ずっとも電気2については、毎月の電気料金1000円（税込み）につき15ポイントのパッチョポイントを付与。
スマメセンターシステム,"ガス・電気, サービス, システム, スマートメータ統合, 小売業務基盤, 遠隔制御システム",スマメセンターシステム,2023年3月20日 18:13,2023年3月20日 18:15,Yuki Senuma,　,各スマートメータのデータ（使用量・警報等）・遠隔開閉栓機能を各業務システムに提供する基盤システム。小売りCIRIUSはスマメセンターシステムから検針値を受領する。
総合メータ,"ガス・電気, サービス, 契約サービス",ソウゴウメータ,2023年3月20日 18:13,2023年11月20日 17:20,和田理恵,　,1つのガス使用契約に対してメータが複数設置され、使用量合算後に料金計算が実施される契約サービスのこと。
DAM,"システム, デジタル資産管理, 業界用語",ダム,2023年3月20日 18:13,2023年11月20日 17:20,和田理恵,　,Digital Asset Management（デジタルアセットマネジメント）。さまざまなデジタルデータを集約、メタ情報を付与し、必要な情報に容易にアクセスできるようにする。
チケット,"システム, タスク管理, 業界用語",チケット,2023年3月20日 18:13,2023年3月20日 18:15,Yuki Senuma,　,backlogに追加するタスク（課題等含む）を指す。
TG-MA,"デジタルマーケティング, 顧客エンゲージメント",ティージーエムエー,2023年3月20日 18:13,2025年1月14日 18:52,Ayaka Nakamichi,MA,"MA（マーケティングオートメーション）とは、顧客との1to1コミュニケーションを実現するデジタルマーケティングプラットフォーム。「あらかじめシナリオを組込み、顧客行動をトリガーとして、メッセージを自動配信する」や「マルチチャネル（メール、モバイル、ウェブ、ソーシャルメディア等）で、メッセージを配信する」事が可能。mTG会員に対する各種通知（mTG会員による操作に伴うメール配信、料金確定通知、ポイント付与通知、ポイント失効通知、使いすぎ予報通知など）はTG-MAが担う。
なお、MAツールは「Salesforce Marketing Cloud」。
アプリのPush通知でも利用している。
    
    システム和名：配信管理システム
    システム英名：TOKYOGAS Marketing Automation"
TGｰCARS,"ガス・電気, サービス, サービス統合, システム, 業務効率化, 顧客管理システム",ティージーカーズ,2023年3月20日 18:13,2023年6月23日 18:48,Nobuhiro Kobayashi,　,"リビング営業社員向けにお客さま情報をキーに、必要な各種サービスのご提案・申込が出来るプラットホームシステム。iOS及びイントラで動作しており、受付申込業務（電力受付、今後TGで予定しているサービスのお客さま受付・申込など）の簡略化を目的としている。主な機能は、DukeIDログインによるお客さま番号でのお客さま情報検索・照会、各種サービスの申込、営業支援ツール（契約情報・所有機器・接客履歴照会、シミュレーション、レコメンドサービス、ガス機器カタログ（TG-AIRS））、災害復旧システム（TGーDRESS）との連携など。
    システム和名：東京ガス顧客契約照会システム
    システム英名：TOKYOGAS Customer Account Reference System"
TG-CRM,"契約管理, 情報連携, 顧客管理システム",ティージーシーアールエム,2023年3月20日 18:13,2023年3月20日 18:15,Yuki Senuma,CRM,"東京ガスリビングサービス本部の顧客情報を管理するシステム。各契約管理システムから「契約情報」を、情報連携キー基盤（Cloak）経由で収集し、「顧客」を生成する。その「顧客」に対し、各受付系システムから収集した「申込情報」を紐づけて「統合顧客化」する。「統合顧客化された顧客」は、過去の契約も含め、その顧客に関連する契約が一元的に参照できるようになる。
    ※引用元：システムカルテ
    システム和名：東京ガスお客さま情報統合管理システム
    システム英名：TOKYOGAS Customer Relationship Management System
    なお、各契約管理システムから収集したキー情報の名寄せは、Ax（お客さまの束ね）・Bx（契約の束ね）というキー体系で行っている。"
TGCS,"アウトソーシング, サービス, 業務プロセス, 業界用語, 顧客サービス",ティージーシーエス,2023年3月20日 18:13,2023年11月20日 17:21,和田理恵,　,"東京ガスカスタマーサービス会社の略称。支店業務の検針・料金収納・ガス設備安全点検をアウトソーシングした会社。TG社内ではTGCSと言った場合、他に[TG Credit Service,Total Gas Control System]を指すこともある。"
定期保安巡回,"ガス・電気, システム, 安全点検",テイキホアンジュンカイ,2023年3月20日 18:13,2023年3月20日 18:15,Yuki Senuma,定保,ガス設備安全点検。内管の漏洩と点検対象機種の安全燃焼確認等を３年に一度行う法定点検のこと。
電力CIS,"ガス・電気, システム, 業界用語, 電力業務プロセス, 顧客情報管理",デンリョクシーアイエス,2023年3月20日 18:13,2025年2月6日 9:20,宗像大貴 / Hiroki Munekata,CIS、CC&B,"電力のCIS（Customer Information System）。
   
  2016年4月からの低圧（家庭用・中小業務用）電力小売全面自由化に伴う、東京ガスのお客さまに電気をご利用頂くために、異動・契約管理・料金計算・督促・問合せ対応などに関連する業務を実施するシステム。受付はTHANKS、2019年5月のCIRIUS1期稼働に伴い、請求（入金含む）はCIRIUSを利用。"
2x,"システム, 契約用語, 業界用語",ニペケ,2023年3月20日 18:13,2023年3月20日 18:15,Yuki Senuma,　,支払契約番号をさす。
はがき検針票,"ガス・電気, サービス, 新型検針票",ハガキケンシンヒョウ,2023年3月20日 18:13,2023年11月20日 17:21,和田理恵,　,はがきで検針票を希望する方、はこ検針票であると都合が悪いお客さま向けのはがきタイプの検針票
はこ検針票,"ガス・電気, メーター管理, 顧客訪問",ハコケンシンヒョウ,2023年3月20日 18:13,2023年3月20日 18:15,Yuki Senuma,　,検針員が毎月お客さま宅に訪問しハンドヘルドコンピュータから出力する検針票のこと。出力後、ポスト投函する。
バッチ,"サービス, システム, 自動処理",バッチ,2023年3月20日 18:13,2023年3月20日 18:15,Yuki Senuma,　,あらかじめ登録した一連の処理を自動的に実行する処理方式のこと。
ValueFront,"サービス, システム, 新しいサービス",バリューフロント,2023年3月20日 18:13,2023年3月20日 18:15,Yuki Senuma,　,ポイント口座の管理等を行える富士通のSaaS。
ヒーツ,"エネルギー管理, ガス・電気, サービス",ヒーツ,2023年3月20日 18:13,2023年3月20日 18:15,Yuki Senuma,　,"建物全体で１つの熱源機を共有し、その熱源機でお湯を作って各戸に送り給湯・冷暖房等を行うシステム。その熱源機がお客さま資産の場合がヒーツとなる。各住戸とTGの契約はない（建物管理者・オーナー事業）ので、各戸にお客さま番号はついておらず、画面照会もできない。ただし､一部、管理会社からの委託により、東京ガスが検針・料金計算・収納業務を行っている物件があり、この場合は、5X
  のお客さま番号がついている。また建物により、ガスコンロなどが設置されている場合には、お湯や冷暖房等の専用メーターとは別に一般のガスメーターも設置されている。(1Xが存在する)"
BPR,"システム, プロセス最適化, 新しい業務設計, 業界用語, 組織改革",ビーピーアール,2023年3月20日 18:13,2023年11月20日 17:22,和田理恵,　,ビジネスプロセス・リエンジニアリング。業務本来の目的に向かって既存の組織や制度を抜本的に見直し、プロセスの視点で、職務、業務フロー、管理機構、情報システムをデザインしなおすこと。
Figma,"UIデザイン, サービス, システム",フィグマ,2023年3月20日 18:13,2023年3月20日 18:15,Yuki Senuma,　,画面UIを作成するツール
付随帳票,"サービス, 料金関連書類, 社内用語",フズイチョウヒョウ,2023年3月20日 18:13,2023年3月20日 18:15,Yuki Senuma,　,はこ検針票に組み込まれている、口座振替済み領収証および払込書のこと。
不払い閉栓,"ガス・電気, サービス, 料金管理, 業務運営, 業界用語, 顧客サービス",フバライヘイセン,2023年3月20日 18:13,2023年3月20日 18:15,Yuki Senuma,　,ガス使用料金の未払い等の理由により、ガス供給をとめるために行う閉栓のこと。
FraudAlert,"ICTセキュリティ, サービス, システム",フロードアラート,2023年3月20日 18:13,2023年3月20日 18:15,Yuki Senuma,　,ICTサービスの情報セキュリティを専門とする株式会社Caulis（カウリス）が提供する不正ログイン検知サービス。mTG会員ログイン時、認証成功・失敗通知、アクセス制限等を行う。
プロキシサーバー,"ガス・電気, システム, ネットワークセキュリティ",プロキシサーバー,2023年3月20日 18:13,2023年3月20日 18:15,Yuki Senuma,　,インターネットへのアクセスを代理で行うサーバーのこと
閉栓,"ガス・電気, ガス管理, サービス",ヘイセン,2023年3月20日 18:13,2023年3月20日 18:15,Yuki Senuma,　,ガス栓を閉じること。ガス栓を閉じることで、ガス使用終了となり、料金の精算を行う。
ペルソナ,"サービス, ターゲットマーケティング, ユーザーエクスペリエンス",ペルソナ,2023年3月20日 18:13,2023年3月20日 18:15,Yuki Senuma,　,サービス・商品の典型的なユーザー像のこと
本会員,"サービス, システム, ユーザー登録, 会員管理, 運用ガイド",ホンカイイン,2023年3月20日 18:13,2023年3月20日 18:15,Yuki Senuma,　,"「運用上」は、mTGの会員規約に同意し、お客さま番号が紐づけられており、メールアドレス・パスワード・秘密の質問・生年月日・電話番号の登録が済んだお客さまのこと。全てのサービスが受けられる。
    ただし、「システム」「管理画面上」「運用上」で定義が異なるため、詳細は”会員”シート参照。"
myTOKYOGAS,"サービス, システム, 業界用語",マイトウキョウガス,2023年3月20日 18:13,2023年3月20日 18:15,Yuki Senuma,"mTG, myTG",東京ガスのガス・電気をご利用のお客さま（家庭用）向けのウェブ会員サービスサイト
myTOKYOGASBiz,"ガス・電気, サービス, 新サービス",マイトウキョウガスビズ,2023年3月20日 18:13,2023年3月20日 18:15,Yuki Senuma,"mTGBiz, myTGBiz",東京ガスのガス・電気をご利用のお客さま向け（法人）のウェブ会員サービスサイト
まとめ請求,"サービス, システム, 新しい請求方式",マトメセイキュウ,2023年3月20日 18:13,2023年3月20日 18:15,Yuki Senuma,　,一括請求とオーナー個別の総称。
見える化(mTG),"エネルギー管理, ガス・電気, サービス, データ分析, 新エネルギー",ミエルカ,2023年3月20日 18:13,2023年3月20日 18:15,Yuki Senuma,　,mTGの機能の1つであり、会員の電気使用量の情報を取得・表示する。電気使用量の使いすぎアラート機能や、省エネアドバイス機能がある。
未会員,"ユーザー登録, 新しいサービス, 顧客管理",ミカイイン,2023年3月20日 18:13,2023年3月20日 18:15,Yuki Senuma,仮会員,"「運用上」は、CS向上（ログイン簡易化・ポイント付与）のために、料金連動ポイント付与対象（ずっとも電気・ずっともガス）のお客さまのうち、mTG会員になっていない方に対し、自動で初期ID／パスワードを発行し、初回ログインが済んでいないお客さまを指す。2019年10月1日以降に契約申し込みをされた方が対象。自動発行実施前までは、お客さまが会員登録手続をしないとポイントが貯まらない仕組みになっていた。契約開始から約2か月経過した頃（初回ポイント付与時）に、初期ID／パスワードを記載したハガキを発行。2020年11月2日開始のネット環境無しポイント交換対象もこれに該当。
    ただし、「システム」「管理画面上」「運用上」で定義が異なるため、詳細は”会員”シート参照。"
約款,"システム, 取引基準, 契約法, 文書管理, 業界用語",ヤッカン,2023年3月20日 18:13,2023年11月20日 17:22,和田理恵,　,普通契約約款。銀行取引，運送・保険契約など画一的・集団的な契約において、契約の迅速・安全を期する目的で、あらかじめ定型的に定められた契約条項をいう。商品売買の契約内容を明確にするための説明書類がこれに該当する。
4大マスタ,"オペレーショナルサービス, システム, データベース構造, 契約用語, 業界用語",ヨンダイマスタ,2023年3月20日 18:13,2023年3月20日 18:15,Yuki Senuma,4大マスター,"CIS及びCIRIUSにおける主要テーブル4つの事。
    各主要テーブルのキー項目にならって、1x 2x 3x 4xと呼称する事がある。
    ◆CIS
    　1x：ガスメーター設置場所　GMTSET
    　2x：支払契約　SIHARI
    　3x：お客さま　CUSTMR
    　4x：ガス使用契約　GASSYO
    ◆CIRIUS
    　1x：メーター設置場所＜小売＞　MTSETK＋ガスメーター設置場所＜小売＞　GMTSETK
    　　　　ガスメーター設置場所＜導管＞　GMTSETD
    　2x：支払契約　SIHAKY
    　3x：契約お客さま＜小売＞　KIYCSTK
    　　　　契約お客さま＜導管＞　KIYCSTD
    　4x：サービス契約　SVCKYA
    　　　　託送サービス契約　TKSSVKY"
4x,"ガス・電気, システム, 業界用語, 社員識別番号, 顧客識別番号",ヨンペケ,2023年3月20日 18:13,2023年11月20日 17:22,和田理恵,　,"①契約（ガス、他システム）に関する番号。お客さま番号の中で、「4」からはじまる番号を意味する。
②TGI社員番号（協力会社用）を指す。"
LIVALIT,"ガス・電気, システム, 業務支援",ライバリット,2023年3月20日 18:13,2023年3月20日 18:15,Yuki Senuma,　,"ライフバル業務支援システム
    お客さま接点業務である「販売」「開閉栓」「機器メンテ」「定保」の主に4つの業務分野を扱う。
    
   
  LIVALIT構築前は、別々にシステムが作られ情報管理されていたが、それらの情報を一元管理し、業務間で横連携・共有できるようにし、お客さま対応を向上させることを目的に作られた。
    
    お客さまの所有する機器情報などを管理している。"
6x,,ロクペケ,2023年3月20日 18:13,2025年6月4日 17:34,Ayaka Nakamichi,　,TGINETが利用しているDuke IDをさす
honoh,"mTG/myTOKYOGAS, サービス, 新規プロジェクト",ホノオ,2023年3月20日 18:13,2023年3月20日 18:15,Yuki Senuma,Web再構築PJ,"2021年04月～2021年09月にmyTOKYOGASのデザインリニューアルを行った案件・体制を指す。
    BCG/BCGDV・TG・INETが参画し、myTOKYOGASのデザインを刷新した。"
デザインシステム,"コンポーネント管理, サービス, システム, デザイン原則, ユーザー体験",デザインシステム,2023年3月20日 18:13,2023年3月20日 18:15,Yuki Senuma,　,"honoh対応の中で家庭用HPの領域に対して、デザインシステムを定めた。
    カラーやボタンの定義などWebページを構成するパーツのデザインを定めている。
    デザインシステムとは、ソフトウェアやグラフィックなどにおけるデザインの原則や指針と、それらを実現するための仕組みの集合体。"
ガス伝票ID,"ガス料金計算, ポイント制度, 顧客識別番号",ガスデンピョウアイディ,2023年3月20日 18:13,2023年3月20日 18:15,Yuki Senuma,　,"mTG内で、ガス料金連動ポイント計算時に使用する項目。
   
  ポイント計算の諸元データとして、CIRIUSから連携されるガス料金連動ポイント算定データファイルの以下３項目を連結した文字列のことを指す。(mTG内で生成）
    　- 使用契約番号
    　- 検針年月日
    　- 検針結果通し番号"
Site24x7,"エネルギーサービス, ガス・電気, サービス",サイトトゥエンティーフォーバイセブン,2023年3月20日 18:13,2026年3月29日 10:47,Yohei Sugisaki,Site24,"myTOKYOGASで導入されているSaaS型監視ツール
    ユーザー視点でダウンや遅延を把握することが可能
    例えば、mTGのTOPを表示するまで何秒かかっているのかを何分かに一回試して確認している"
検針票電子化PJ,"ガス・電気, システム, デジタル化, プロジェクト管理, 業界用語",ケンシンヒョウデンシカプロジェクト,2023年3月20日 18:13,2023年3月20日 18:15,Yuki Senuma,検電、ケンペイ,"プロジェクト名称。
    略称としては、検電が一般的。
    検針票ペーパーレス化の略である、「ケンペイ」はバックログの名称としてのみ用いられている。"
MailPublisher,"サービス, システム, 新しいシステム",メールパブリッシャー,2023年3月20日 18:13,2023年3月20日 18:15,Yuki Senuma,メルパブ,エンバーポイント社が提供するメール配信システム。myTOKYOGASのメールもこちらの仕組みを利用して配信されている。
QR依頼,"データ管理, 新規データ抽出",キューアールイライ,2023年3月20日 18:13,2023年3月20日 18:15,Yuki Senuma,　,"iNETに維持管理を委託しているシステムのデータに対し、臨時でデータ抽出の依頼をすること。ＱＲ依頼はデータの抽出のみを対象としております。帳票のデザインや、エクセルなどで行うことのできる集計・加工作業については承っておりません。
   
  詳細はほっとわーく参照 http://gg-intra.tg-group.tokyo-gas.co.jp/~jotsu/sysan/itaku/qr_price_chg.htm"
TG-WISP,"サービス, システム, 新サービス",ティージーウィスプ,2023年3月20日 18:13,2023年11月20日 17:23,和田理恵,TG-CARS,"TOKYOGAS Web Interface Service Platform　
お客さま情報をキーに、必要な各種サービスのご提案・申込が出来るプラットホーム。もともとはTG-CARS:TOKYOGAS Customer Account Reference System　“東京ガス顧客契約照会システム”として作られたが、プラットフォームとしての利用拡大から顧客契約照会システムだけではなくなってきたのでTG-WISPへと名称を変更した。社内システムとして稼働するにあたって基本的に必要なシステム要件のDUKE認証機能、NW箇所CD、住所CD、箇所別分担　等を実装し、各種お客さま契約検索情報をWebアプリケーションプラットフォームとして提供。一連の流れをテンプレート化することにより短期でのサービスインを可能としている。"
枝番,"契約管理, 顧客情報管理, 顧客識別番号",エダバン,2023年3月20日 18:13,2023年11月20日 17:24,和田理恵,　,mTGの文脈においては、本人特定契約DBの枝番のこと。この値は、同じ会員でも、引っ越しなどで複数の履歴情報を持っている際に、どの契約かを特定するための番号。
新mTG,"ガス・電気, システム, モダナイゼーション, 新技術, 環境構築",しんエムティージー,2023年3月20日 18:15,2023年3月20日 18:15,Yuki Senuma,,KSで構築される、MSFWベースの「シフト先」環境　（モダナイゼーション先）
現行mTG,"ガス・電気, クラウド移行, システム",げんこうエムティージー,2023年3月20日 18:15,2023年3月20日 18:15,Yuki Senuma,,現行オンプレ資材（TGFW）を、Azureへ「リフト」した先の環境　（マイグレーション先）
アグリゲート,"システム統合, バックエンド処理, 新技術",アグリゲート,2023年3月20日 18:15,2025年4月7日 8:25,Yohei Sugisaki,AGG、AggAPI,フロント画面から見て、バックエンドや関連システムからのデータ取得・操作を担当する処理を集約した機能群の名前であり、サーバーの呼び名。現状BFFと同義。
リゾルバ,"システム, ソフトウェア開発, 業界用語",リゾルバ,2023年3月20日 18:16,2023年3月20日 18:16,Yuki Senuma,resolver,"フロント画面から呼び出す関数。フロント画面はリゾルバに所定のリクエストを送ることでバックエンドAPIや関連システムと連携する。検電PJでは
  GraphQL というクエリ言語で実装される。"
リポジトリ,"API統合, ガス・電気, システム, システムアーキテクチャ, データ管理",リポジトリ,2023年3月20日 18:16,2023年3月20日 18:16,Yuki Senuma,repository,フロント画面からバックエンドのAPIを通じて行う処理、データ操作を集約する層。バックエンドAPIから見た場合のI/Fを担う。
フロント画面,"サービス, システム, ユーザーインターフェース",フロントがめん,2023年3月20日 18:16,2023年3月20日 18:16,Yuki Senuma,フロントエンド、Web画面、WEBクライアント、WEC、Webフロント,資料や会話の中では「フロント」や「フロントエンド」と表現される場合もあるが、フロント開発チームを意味する場合があるため、Web画面を指す際には「フロント画面」と表現することがのぞましい。
WEBクライアント,"ウェブ技術, フロントエンド開発, ユーザーインターフェース",ウェブクライアント,2023年3月20日 18:16,2025年4月7日 8:26,Yohei Sugisaki,WEC、ウェック,"用語「フロント画面」と同じ
Reactで実装している部分はWebClient（WEC：ウェック）"
Linear,"サービス, システム, フロントエンド開発",リニア,2023年3月20日 18:16,2026年3月29日 10:47,Yohei Sugisaki,,フロントエンド開発で利用するプロジェクト管理ツール。アグリゲートやフロント画面の開発状況を管理している。
notion,"ドキュメント管理, 新技術, 開発ツール",ノーション,2023年3月20日 18:16,2023年3月20日 18:16,Yuki Senuma,notion,フロントエンド開発で利用するドキュメント管理ツール。アグリゲートやフロント画面の要求仕様、設計情報もここで管理している。
カスタムログイン,"UIデザイン, ユーザー登録, ユーザー認証",カスタムログイン,2023年4月4日 9:44,2025年1月14日 18:22,Ayaka Nakamichi,,"ログインする際に利用する画面（通常のログイン画面）。
ログイン画面はIDCSの機能の一部だが、IDCS専用のログイン画面は会員に提供できる画面ではなくmTG用にカスタマイズしているためカスタムログイン画面と呼称している。
詳細：
https://www.notion.so/0f24b097b6ae46668fadf9cf343915e6?pvs=21
 "
落成,"建設用語, 業界用語, 現場作業",ラクセイ,2023年6月23日 19:02,2025年1月6日 13:15,岩渕健一,,"開栓、閉栓など現場作業の完了のこと。
元々は建築土木分野で、建物や橋などができあがることの意味。"
IVR、VIVR,,アイブイアール、ブイアイブイアール,2024年11月27日 11:03,2025年4月7日 8:25,Yohei Sugisaki,,"IVR→音声で案内されて用件ごとに①とかプッシュするやつ
VIVR→ビジュアルIVR。IVRのWEB版（画面で選んでいくと電話番号が出るので、そこに電話すると専用受付に直電になり、音声を聞かなくてよい）"
ROA,"業界用語, 財務指標",アールオーエー,2024年12月10日 14:55,2026年3月29日 10:47,Yohei Sugisaki,総資産利益率,Return On Assets（総資産利益率）。企業が保有する総資産に対してどれだけの利益を生み出しているかを示す財務指標。ROA = 当期純利益 ÷ 総資産 × 100（%）
DR,"エネルギー管理, ガス・電気, システム",ディーアール,2024年12月25日 20:28,2026年3月29日 10:47,Yohei Sugisaki,Demand Response / デマンドレスポンス,"需要応答。電力の需給バランスが逼迫した際に、消費者側が電力使用量を抑制・シフトすることで需給調整を図る仕組み。経済産業省が推進するエネルギー政策の一つ。
参考：https://www.enecho.meti.go.jp/category/electricity_and_gas/electricity_measures/dr/dr.html"
受付革新,"システム統合, 顧客対応",ウケツケカクシン,2024年12月25日 20:28,2025年4月7日 8:27,Yohei Sugisaki,,"お客さまからの受付業務（引っ越し時の開栓の受付など）を１つのシステム（TG-WISP）で行えるようにするもの。

受付革新以前は、以下のパターンがあった。
①電話を受けてコールセンターの方が入力するときに利用するルートーTHANKS
②直接ライフバルの方に電話が来た時に受付をするルートーLIVALIT
③お客さまがWebから申し込むルートーエネチェンジ"
CPA（APIシリーズ名）,"API管理, 会員管理, 顧客情報管理",シーピーエー,2025年1月8日 10:24,2026年3月29日 10:47,Yohei Sugisaki,,"CPはお客さまポータルの略で、昔はそう呼んでいたのでmyTOKYOGASを指していると思ってください。
CPAIF0104　とかはmyTOKYOGASのAシリーズ（会員管理）のインターフェース、0104って意味です。
詳細は本文参照"
小売,"ガス・電気, 小売業務, 業界用語",コウリ,2025年1月8日 10:28,2025年1月8日 10:29,岩渕健一,,ガスや電気は、国の政策により、製造・供給・販売の3つに分割されているが、その中で販売にあたる箇所を担っている会社を示して言う言葉、
ｍTGHub,"ユーザー認証, 新しいシステム",エムティージーハブ,2025年1月14日 18:35,2025年1月14日 18:46,Ayaka Nakamichi,,"スマホアプリの認証・向き先変更時に利用しているサーバー
管理はサーバーフリー社"
取次,"システム, 収入モデル, 業界用語",とりつぎ,2025年1月15日 17:48,2025年1月15日 17:49,Ayaka Nakamichi,,"■取次とは東京ガスのガスを他の会社に売ってもらう事業形態TG→取次店に請求→取次店から個々のお客さまに請求
　現時点での取次店は5つ・楽天エナジー・JCOM・ヒナタオエナジー・歯愛メディカル・旭化成ホームズ
■取次店のメリット
①東京ガスは他小売りへの流出を防げる小売り契約は東京ガスのまま、脱落にはらない自分たちの商品とバンドルして、セット契約して流出を防ぎたいガスとセット契約にすることで、ケーブルテレビ代金とかを安くしている
②取次店は手数料収入が得られる手数料は請求代行に対する対価
■システムの仕組み一括請求（一括翌３臨有）の仕組みを利用している
例えば、楽天エナジーだと一括2xは約100件それぞれの一括2xに紐付く1xは約500件
請求は一括2x単位

"
IaC,"インフラ管理, 新技術, 自動化技術",アイエーシー,2025年1月20日 10:18,2025年6月4日 17:33,Ayaka Nakamichi,Infrastructure as Code,"Infrastructure as Code。従来手作業でおこなわれていたサーバーやネットワーク機器などの設定、管理をコード化し、自動化する技術
"
IGS,新エネルギー,アイジーエス,2025年1月22日 10:22,2026年3月29日 10:47,Yohei Sugisaki,IGNITUREソーラー,東京ガスグループが提供する太陽光発電サービス「IGNITUREソーラー」の略称。初期費用0円で太陽光パネルを設置し、発電した電力を利用できるサービス。
EF,"エネルギー管理, 新しいサービス, 新技術",エネファーム,2025年1月22日 10:22,2025年1月22日 10:54,Rio Nagatomo,エネファーム,家庭用燃料電池、都市ガスのメタンと水を反応させて水素を作り、その水素を使って電気と熱＝お湯を作る。
HB,"エコエネルギー, ガス・電気, システム",ハイブリッドキュウトウキ,2025年1月22日 10:22,2025年1月22日 10:55,Rio Nagatomo,ハイブリッド給湯器,電気とガス、両方のエネルギーを使ってお湯を沸かせる給湯器、基本的には電気でヒートポンプを動かしてお湯をためておくが、お湯が無くなるとガスを燃やしてお湯を共有するため、エコキュートでよくある湯切れが発生しなくなる。
ZEH,"ガス・電気, サービス, 住宅性能, 新エネルギー, 環境配慮",ゼッチ,2025年1月22日 10:28,2025年1月22日 10:34,Gakuyou Tomita,,net Zero Energy House（ネット・ゼロ・エネルギー・ハウス）の略で、太陽光発電によりエネルギー収支をゼロ以下にする家。家の断熱性能を高めるとともに、高効率設備を採用して年間のエネルギー消費量を削減する住宅のことを指す
EC,"エコキュート, 新技術, 給湯器",エコキュート,2025年1月22日 10:31,2025年4月7日 8:27,Yohei Sugisaki,エコキュート,ヒートポンプを使ってお湯を沸かす給湯器。お湯の製造速度が遅いので、お湯タンクにお湯をためてそれを一気に使う形になる。なので、タンクにお湯が無くなる湯切れ、が発生するのが問題。
エコジョーズ（EJ）,"エコエネルギー, ガスサービス, 新エネルギー",エコジョーズ,2025年1月22日 10:33,2025年4月7日 8:27,Yohei Sugisaki,EJ,"省エネで環境にやさしい高効率給湯器
「エコジョーズ」とは、少ないガス量で効率よくお湯を沸かす省エネ性の高い給湯器のこと。効率がアップすると、ガスの消費量が少なく済むので、環境にやさしく、ガス料金の節約にもつながります。"
pfm,"システム, 戦略分析, 投資管理, 業界用語, 資源配分",ポートフォリオマネジメント,2025年1月22日 10:53,2025年1月22日 10:53,Rio Nagatomo,,資産運用や経営資源の配分を考えるとき、投資案件の1つ1つを個別に評価するのではなく、その集合全体（ポートフォリオ）でのバランスを考慮に入れて分析・検討を行い、合理的な取捨選択・優先順位を導き出して、最適な投資の意思決定を図るマネジメント手法のこと。
TGK,"ガス・電気, サービス, 新しいサービス",ティージーケー,2025年2月5日 10:54,2025年2月5日 10:56,Gakuyou Tomita,東京ガスの機器交換,"東京ガスの提供する家庭用機器販売サービス
https://home.tokyo-gas.co.jp/housing/exchange/index.html"
METI,政府機関,メティー、メティ,2025年3月14日 17:51,2025年4月16日 10:24,岩渕健一,"経済産業省、Ministry of Economy, Trade and Industry","社内では、経済産業省のことをMETIと呼ぶことが多い。管轄省庁。
料金改定や何か問題が起こったときに報告が必要。"
電力ミニマスタ,"ガス・電気, システム, 電力データ管理",デンリョクミニマスタ,2025年3月14日 18:00,2025年3月14日 18:03,Ayaka Nakamichi,ミニマスタ,"電力CISの情報（主に電力使用量）のデータは、電力CISからバッチでmyTOKYOGASのバックエンドへ連携され、バックエンドのデータベースに入れて管理している。
myTOKYOGAが管理している電力CISのコピーデータベースのことを指す。"
LNG,"ガス・電気, 新エネルギー, 業界用語",エルエヌジー,2025年4月9日 10:23,2025年4月16日 10:19,岩渕健一,液化天然ガス,今の都市ガスの原料、天然ガス(NG)を-162℃まで冷やすと液体になってLNGになる。ちなみにLNGより前の時代は石炭を熱して水をかけて出てくる水素や一酸化炭素を主成分とする石炭ガスを都市ガスとして供給していた。量が作れないし、危ないので基本的に今都市ガスとして利用している箇所は国内には無い。
NOAH,"システム, 新システム",ノア,2025年4月9日 10:29,2025年4月16日 10:25,岩渕健一,,"経理システムの名称
詳細はこちら
https://tokyogasgroup.sharepoint.com/sites/NOAH
語源は聖書のノアの箱舟、
ちなみにその前のシステム名はGENEISIS、聖書の創世記が由来"
業務実施計画書,"業務プロセス, 業務支援, 業務運営",ギョウムジッシケイカクショ,2025年4月9日 10:38,2025年4月9日 10:38,slack-to-integration,ギョウケイ,"業務実施計画書は、部署が次年度に取り組む課題や実行計画を示す文書です。以下の要素を含みます

・主なアクションプラン
・指標（KPI）
・主なマイルストーン"
UPP,"エネルギー管理, 新技術, 業界用語",ユーピーピー,2025年4月16日 10:20,2025年4月16日 10:24,岩渕健一,,東京ガス独自用語、UtilityPlatformPlayerの略語、分散電源を活用してエネルギー市場の安定化を目指す戦略を意味する。
高圧一括受電,"新しいサービス, 電力サービス, 高圧電力管理",コウアツイッカツジュデン,2025年4月16日 10:41,2025年4月16日 10:44,宗像大貴 / Hiroki Munekata,,マンションや大型施設全体で電力をまとめて契約し、各戸に分配する仕組み
ライフライン代行,"サービス, 業務支援, 顧客サービス",ライフライン代行,2025年4月23日 10:15,2025年4月23日 10:15,slack-to-integration,LL代行,ライフライン代行サービスとは、引っ越しの際に必要な電気、ガス、水道、インターネットなどの手続きを代行してくれるサービスです。
WR2,"ウェブ技術, サービス, システム",ウェブリリースツー,2025年6月4日 17:34,2025年6月4日 18:10,岩渕健一,webrelease2、ダブユーアールツー,"WebRelease2 は(株)フレームワークス・ソフトウェアが提供する業務用CMSパッケージ製品。純粋な静的CMS
myTOKYOGASの静的コンテンツ、キャンペーンバナーやお知らせ掲載で利用されている
WebRelease 2 (https://www.notion.so/WebRelease-2-b24e2d75fd3049398469477195f9c382?pvs=21) "
CC&B,"システム, 電力サービス, 顧客管理システム",シーシーアンドビー,2025年6月4日 17:45,2025年6月9日 10:48,Ayaka Nakamichi,"CCB
CC&B","現行電力CISのパッケージのこと。（Oracle Utilities Customer Care and Billing の略）
CCBと略すと別のものに認識されるかもしれないのでCC&Bと表示するのを推奨"
SVF,"共通基盤, 帳票基盤, 業務アプリケーション",エスブイエフ,2025年6月4日 17:52,2025年6月4日 17:57,Ayaka Nakamichi,帳票基盤,"オープン系の業務アプリケーションから出力する帳票方式を標準化し、共通基盤として提供されたもの。
詳細は帳票基盤（SVF）情報サイト参照http://itinfo.tg-group.tokyo-gas.co.jp/svf/"
TG-ACPT,"システム, 受付管理, 顧客管理システム",ティージーアクセプト,2025年6月4日 17:54,2025年6月4日 17:56,Ayaka Nakamichi,ACPT,"受付管理
ACPTや受付と呼ばれることもある。東京ガスの申し込みの受付情報を管理するシステム。"
styleflow,"サービス, システム, 情報連携",スタイルフロー,2025年6月4日 17:59,2025年6月4日 18:09,岩渕健一,わくわく,INETへのシステム変更依頼やデータ変更依頼を行う際に利用するサービス。わくわくわーくという取り組みの一環で導入されたため「わくわくフロー」という愛称がつけられているが･･･あんまり浸透していない気がする。製品名がStyleFlow
MDK,"サービス, 新しいサービス, 顧客管理",エムディーケー,2025年6月9日 10:42,2025年6月9日 10:51,Ayaka Nakamichi,水と電気の駆け付けサービス,"月額385円で、急な水まわり・電気設備のトラブルに24時間365日受付、応急処置するサービス。
2025年現在、契約アカウント数は約５万件。
TG電気の附帯サービスを、2021年に電気から切り離しサービス化。
https://home.tokyo-gas.co.jp/service/equipment/water_power/index.html"
TES,"エコエネルギー, 新サービス, 新技術",テス,2025年6月9日 11:28,2025年6月9日 11:33,Keita Higaki,TES、テス,"「TES」は TOKYO GAS ECO SYSTEM（東京ガスエコシステム）の略称で、東京ガスオリジナルの名称です
https://home.tokyo-gas.co.jp/housing/exchange/waterheater/tes-exchange.html"
マルリョウ,"エネルギーサービス, ガス業務改革, 新技術",マルリョウ,2025年7月2日 10:10,2025年7月2日 10:10,"森 奈央 / Nao Mori ",,マルリョウ：マンションの大規模修繕をする会社でして、東京ガスリノベーションが買収した会社でした。東京ガスリノベーションは、マンションの大規模修繕工事を重点領域の一つにしていて、さらに強化するために、塗装・防水工事を得意とする同社を買収したというものでした。フルコーが、昨日話した、太陽光発電設備や蓄電池の設置工事を得意とする会社で、こちらは東京ガス本体が子会社化しています。by及川さん
PMI,"新しい業務設計, 業務プロセス, 統合データ",ピーエムアイ,2025年7月2日 10:23,2025年7月2日 10:25,Rio Nagatomo,,"M&A（合併・買収）後に、買収した企業と自社との間で行う統合作業のこと。
これは、単なる法的な合併にとどまらず、以下のような組織・文化・システム・人材・業務プロセスなど多岐にわたる統合を含む。"
OEM,"システム, 新技術, 業界用語",オーイーエム,2025年7月2日 10:26,2025年7月2日 10:41,Rio Nagatomo,,OEMとは、「オリジナル・エクイップメント・マニュファクチャリング（Original Equipment Manufacturing）」の略語です。直訳すると「自社の製品を製造する会社」となり、日本語では「相手先ブランド製造」などと訳され、わかりやすくいうと 製造メーカーが他社ブランドの製品を製造することを指します。
MCV,"デジタルマーケティング, ユーザー体験, 新技術",エムシーブイ,2025年7月2日 10:30,2025年7月2日 10:41,Rio Nagatomo,,マイクロコンバージョンとは、成果とするコンバージョンよりも手前の段階に設定する仮のコンバージョンを指し、広告運用における指標の1つです。
逆潮流,"新技術, 業界用語, 電力サービス",ギャクチョウリュウ,2025年7月2日 10:39,2025年7月2日 10:41,Rio Nagatomo,,"逆潮流とは、電気が電力会社側に向かって流れる事です。
電気は通常、電力会社から需要家に向かって流れています。これを「順潮流」とも言います。これは需要家が電気を消費しているからです。

しかし需要家に発電設備があると、逆に電力会社側に向かって電気が流れる場合があります。これは、発電設備を有している需要家の電気の消費量より発電量が多くなった場合に発生します。"
脆弱性診断,社内情報セキュリティ,ゼイジャクセイシンダン,2025年12月11日 12:35,2025年12月11日 15:13,"森 奈央 / Nao Mori ",,"「外部公開システム」に対して情報セキュリティ上の問題点（脆弱性）の
有無を確認する行為をいい、https://www.notion.so/2c65a758b70a80c0aa4ced4f053ed723?pvs=21とhttps://www.notion.so/2c65a758b70a80248b61e2c2a66a0d93?pvs=21がある。

☆この項目は、TGG内の外部公開システムセキュリティ基準における定義
一般的な意味より狭義な定義になっている可能性もある
> https://tg-group.app.lumapps.com/serve/1479673870545585-2119708095620993/gaibusec_Ver1.91.pdf?contentDisposition=inline

脆弱性診断の中に 以下の2つがある。
-  ネットワーク診断 (https://www.notion.so/2c65a758b70a80c0aa4ced4f053ed723?pvs=21) 
-  アプリケーション診断 (https://www.notion.so/2c65a758b70a80248b61e2c2a66a0d93?pvs=21) "
ネットワーク診断,社内情報セキュリティ,ネットワークシンダン,2025年12月11日 12:39,2025年12月11日 12:57,Ayaka Nakamichi,,"主に OS、ミドルウェア（OS と独自開発ソフトウェアを取り持つソフト）、
ネットワークを対象として脆弱性の有無を確認する行為をいう。

☆この項目は、TGG内の外部公開システムセキュリティ基準における定義
一般的な意味より狭義な定義になっている可能性もある
> https://tg-group.app.lumapps.com/serve/1479673870545585-2119708095620993/gaibusec_Ver1.91.pdf?contentDisposition=inline"
アプリケーション診断,社内情報セキュリティ,アプリケーションシンダン,2025年12月11日 12:40,2025年12月11日 12:57,Ayaka Nakamichi,,"主に独自開発ソフトウェアを対象として、脆弱性の有無を確認
する行為をいう。

☆この項目は、TGG内の外部公開システムセキュリティ基準における定義
一般的な意味より狭義な定義になっている可能性もある
> https://tg-group.app.lumapps.com/serve/1479673870545585-2119708095620993/gaibusec_Ver1.91.pdf?contentDisposition=inline"
リプレース,社内情報セキュリティ,リプレース,2025年12月11日 12:41,2025年12月11日 12:57,Ayaka Nakamichi,再構築,"外部公開システムを構成するハードウェア、OS、ミドルウェア、ネットワ
ークの更新（置き換え）を 1 つ以上行うことをいう。
外部公開システムの利用者が閲覧または操作する画面・および送受信される情報に一切の変更がないことを条件とする。

☆この項目は、TGG内の外部公開システムセキュリティ基準における定義
一般的な意味より狭義な定義になっている可能性もある
> https://tg-group.app.lumapps.com/serve/1479673870545585-2119708095620993/gaibusec_Ver1.91.pdf?contentDisposition=inline"
システム改修,社内情報セキュリティ,システムカイシュウ,2025年12月11日 12:44,2025年12月11日 12:57,Ayaka Nakamichi,,"外部公開システムの利用者が閲覧または操作する画面を変更する
ことをいう。

☆この項目は、TGG内の外部公開システムセキュリティ基準における定義
一般的な意味より狭義な定義になっている可能性もある
> https://tg-group.app.lumapps.com/serve/1479673870545585-2119708095620993/gaibusec_Ver1.91.pdf?contentDisposition=inline"
脆弱性,社内情報セキュリティ,ゼイジャクセイ,2025年12月11日 12:54,2025年12月11日 12:57,Ayaka Nakamichi,,"ソフトウェア製品やウェブアプリケーション等におけるセキュリティ上の問
題箇所をいう。コンピュータ不正アクセスやコンピュータウイルス等により、この問題の箇所が攻撃されることで、そのソフトウェア製品やウェブアプリケーションの本来の機能や性能を損なう原因となり得るものを指す。
また、個人情報等が適切なアクセス制御の下に管理されていないなど、運営者の不適切な運用により、ウェブアプリケーションのセキュリティが維持できなくなっている状態も含む。

☆この項目は、TGG内の外部公開システムセキュリティ基準における定義
一般的な意味より狭義な定義になっている可能性もある
> https://tg-group.app.lumapps.com/serve/1479673870545585-5027846166713189/zeijyaku.Ver1.4.pdf?contentDisposition=inline"
ドレン,"ガス・電気, 給湯器",どれん,2026年3月4日 10:30,2026年3月4日 15:47,岩渕健一,,エコジョーズ文脈では、水蒸気が水に戻ったときに出る液を指すことが多い。燃焼排気ガスを含むため強い酸性であり、機器内に中和装置が組み込まれている。
マスカレード認証,"システム, ユーザー認証",マスカレードニンショウ,2026年3月29日 10:43,2026年3月29日 10:43,Yohei Sugisaki,masquerade authentication,CSや管理者が特定ユーザーに成り代わってログイン・操作を行う認証方式。問い合わせ対応やデバッグ時に使用される。
Braze,"システム, デジタルマーケティング, 顧客エンゲージメント",ブレイズ,2026年3月29日 10:43,2026年3月29日 10:43,Yohei Sugisaki,,顧客エンゲージメントプラットフォーム。プッシュ通知・メール・アプリ内メッセージ等のマルチチャネル配信を管理する。mTGのマーケティング施策で利用。
TG-ID,"ID管理, mTG/myTOKYOGAS, ユーザー認証",ティージーアイディー,2026年3月29日 10:43,2026年3月29日 10:43,Yohei Sugisaki,東京ガスID,東京ガスグループ共通の顧客識別子。myTOKYOGAS会員やサービス横断で顧客を一意に特定するためのID体系。認証基盤刷新PJで統合が進められている。
SAGAS,"mTG/myTOKYOGAS, 社内用語",サガス,2026年3月29日 10:43,2026年3月29日 10:43,Yohei Sugisaki,,myTOKYOGASのスクラムチームの一つ。
SoE,"システムアーキテクチャ, 業界用語",エスオーイー,2026年3月29日 10:43,2026年3月29日 10:43,Yohei Sugisaki,System of Engagement,顧客接点を担うシステム群の総称。EA（全社アーキテクチャ）の分類でフロントエンド・顧客体験領域を指す。mTGはSoE領域に位置づけられる。
PgMO,"プロジェクト管理, 社内用語",ピージーエムオー,2026年3月29日 10:43,2026年3月29日 10:43,Yohei Sugisaki,Program Management Office,EA・認証基盤刷新・新CRM等の複数プロジェクトを横断的に統括・管理する組織体。mTGではPgMO/PMOとして各PJ間の依存関係やスケジュールを調整する。
Naikist,"mTG/myTOKYOGAS, フロントエンド開発, 社内用語",ナイキスト,2026年3月29日 10:43,2026年3月29日 10:43,Yohei Sugisaki,,myTOKYOGASのスクラムチームの一つ。主にWebフロントエンド領域を担当する。
Argo CD,"システム, 自動化技術, 開発ツール",アルゴシーディー,2026年3月29日 10:43,2026年3月29日 10:43,Yohei Sugisaki,ArgoCD,Kubernetes向けのGitOps型継続的デリバリー（CD）ツール。Gitリポジトリの定義に基づきクラスタへのデプロイを自動化する。mTGの開発基盤で採用。
暮らしES基盤,"システム, データ管理, 共通基盤",クラシイーエスキバン,2026年3月29日 10:43,2026年3月29日 10:43,Yohei Sugisaki,Elasticsearch基盤,Elasticsearchを活用した検索・データ分析基盤。暮らし関連サービスのデータ検索やログ分析等に使用される。
会員ID,"ID管理, mTG/myTOKYOGAS, 会員管理",カイインアイディー,2026年3月29日 10:43,2026年3月29日 10:43,Yohei Sugisaki,memberID,myTOKYOGAS会員を一意に識別するためのID。TG-IDとは別に会員単位で採番される。
EKS,"ITインフラ, クラウドサービス, システム",イーケーエス,2026年3月29日 10:43,2026年3月29日 10:43,Yohei Sugisaki,Amazon Elastic Kubernetes Service,AWSが提供するマネージドKubernetesサービス。mTGのマイクロサービス基盤として使用されている。
SoI,"システムアーキテクチャ, データ分析, 業界用語",エスオーアイ,2026年3月29日 10:43,2026年3月29日 10:43,Yohei Sugisaki,System of Insight,データ分析・インサイト導出を担うシステム群の総称。EA分類でSoE/SoRから収集したデータを分析し、意思決定を支援する領域。
Guardians,"mTG/myTOKYOGAS, 社内用語",ガーディアンズ,2026年3月29日 10:43,2026年3月29日 10:43,Yohei Sugisaki,,myTOKYOGASのスクラムチームの一つ。主にセキュリティ・認証・基盤領域を担当する。
Databricks,"クラウドサービス, システム, データ分析",データブリックス,2026年3月29日 10:43,2026年3月29日 10:43,Yohei Sugisaki,,Apache Sparkベースの統合データ分析プラットフォーム。東京ガスではデータ基盤・分析環境として活用されている。
EA,"システムアーキテクチャ, 共通基盤, 業界用語",イーエー,2026年3月29日 10:43,2026年3月29日 10:43,Yohei Sugisaki,Enterprise Architecture / エンタープライズアーキテクチャ,東京ガスグループ全体のシステム構造・方針を俯瞰的に定義するフレームワーク。SoE・SoR・SoIの3層に分類し、各システムの役割と連携を整理する。
Kraken,"システム, 新システム, 顧客管理システム",クラケン,2026年3月29日 10:43,2026年3月29日 10:43,Yohei Sugisaki,クラーケン,英Kraken Technologies社が提供するエネルギー小売向けCIS/料金計算基幹システム。東京ガスではmTGの新料金・契約基盤として導入を推進中。
Fluppuccino,"mTG/myTOKYOGAS, モバイルアプリ, 社内用語",フラプチーノ,2026年3月29日 10:43,2026年3月29日 10:43,Yohei Sugisaki,フラプチ,myTOKYOGASのスクラムチームの一つ。主にモバイルアプリ領域を担当する。
CDP,"デジタルマーケティング, データ管理, 顧客管理",シーディーピー,2026年3月29日 10:43,2026年3月29日 10:43,Yohei Sugisaki,Customer Data Platform,複数チャネルの顧客データを統合・一元管理し、セグメント分析やパーソナライズ施策に活用するためのデータ基盤。
SSO,"システム, ユーザー認証, 共通基盤",エスエスオー,2026年3月29日 10:43,2026年3月29日 10:43,Yohei Sugisaki,Single Sign-On / シングルサインオン,一度の認証で複数のサービスやアプリケーションにアクセスできる仕組み。認証基盤刷新PJで導入・統合が検討されている。
SoR,"システムアーキテクチャ, 業界用語",エスオーアール,2026年3月29日 10:43,2026年3月29日 10:43,Yohei Sugisaki,System of Record,正式な業務データ（契約・請求・顧客情報など）を管理する基幹系システム群の総称。EA分類でバックエンド・記録系領域を指す。
重ね売り,"小売戦略, 社内用語, 顧客エンゲージメント",カサネウリ,2026年3月29日 10:47,2026年3月29日 10:47,Yohei Sugisaki,クロスセル,既存顧客への商材横断の追加販売。GPS（ガス・電力・ソリューション）の拡販を指す。
供給地点特定番号,"契約管理, 電力サービス",キョウキュウチテントクテイバンゴウ,2026年3月29日 10:53,2026年3月29日 10:54,Yohei Sugisaki,地点番号,電力の需要地点を一意に特定する22桁の番号。電気料金明細やスイッチング手続きで使用。電気複数契約時は供給地点ごとに切り替えて表示。
電話認証,"mTG/myTOKYOGAS, ユーザー認証",デンワニンショウ,2026年3月29日 10:53,2026年3月29日 10:54,Yohei Sugisaki,,事前に登録された電話番号からの架電により本人確認を行う認証方式。ID再発行・ポイント交換・個人情報閲覧等で利用。電話機の保持により本人性を担保する。
二段階認証,"mTG/myTOKYOGAS, ユーザー認証",ニダンカイニンショウ,2026年3月29日 10:53,2026年3月29日 10:54,Yohei Sugisaki,2段階認証,ID/PW認証後に追加で行うメール（PINコード送付）または電話による本人確認。個人情報①の閲覧・ポイント交換・認証方式変更・パスワード変更時に必須。
仮登録会員,"mTG/myTOKYOGAS, 会員管理",カリトウロクカイイン,2026年3月29日 10:53,2026年3月29日 10:54,Yohei Sugisaki,,メール経由の自動登録後、初回ログイン未済の会員種別。mTGの利用は不可。初回ログイン＋規約同意＋本人確認＋必要事項入力で本会員に昇格する。
お客さま番号,"mTG/myTOKYOGAS, 顧客識別番号",オキャクサマバンゴウ,2026年3月29日 10:53,2026年3月29日 10:54,Yohei Sugisaki,客番,東京ガスが契約ごとに付番する顧客識別番号。1x（ガス供給契約）・2x（支払契約）・3x（サービス契約）・4x（ガス使用契約）等の体系がある。mTGの会員登録・料金表示の基本単位。
BFF,"ウェブ技術, システムアーキテクチャ",ビーエフエフ,2026年3月29日 10:53,2026年3月29日 10:54,Yohei Sugisaki,Backend For Frontend,フロントエンド専用のバックエンドAPI層。mTGではフロント/BFF領域をTG側が担当し、バックエンドをiNETが担当する構成。
能動登録,"mTG/myTOKYOGAS, 会員管理",ノウドウトウロク,2026年3月29日 10:53,2026年3月29日 10:54,Yohei Sugisaki,,お客さまが自らmyTOKYOGASの新規会員登録画面から登録する方式。規約同意→本人確認→必要事項入力の流れで本会員として登録完了。
自動登録,"mTG/myTOKYOGAS, 会員管理",ジドウトウロク,2026年3月29日 10:53,2026年3月29日 10:54,Yohei Sugisaki,,WEB引越し・契約受付や電話・書面での契約受付時に、システムが自動で会員登録を行う方式。メールまたはハガキで初期ID/PWが通知され、初回ログインまでは仮登録会員または未会員となる。
インボイス,"mTG/myTOKYOGAS, 料金関連書類",インボイス,2026年3月29日 10:53,2026年3月29日 10:54,Yohei Sugisaki,適格請求書,適格請求書等保存方式（インボイス制度）。2023年10月施行。mTGでは「料金明細PDF（インボイス対応）」として二段階認証後にダウンロード提供。
iNET,"mTG/myTOKYOGAS, 社内用語",アイネット,2026年3月29日 10:53,2026年3月29日 10:54,Yohei Sugisaki,アイネット,mTGバックエンド開発・運用を担うパートナー企業。TG（東京ガス）との役割分担でバックエンド・基盤領域を中心に担当。
トリセツ,"mTG/myTOKYOGAS, サービス",トリセツ,2026年3月29日 10:53,2026年3月29日 10:54,Yohei Sugisaki,,お客さまの所有機器情報を管理する外部連携サービス（http://torisetsu.biz）。mTGマイページからガス機器情報の追加・削除が可能。定保で収集した機器データも表示。
回帰,"ガス管理, メーター管理",カイキ,2026年3月29日 10:53,2026年3月29日 10:54,Yohei Sugisaki,,ガスメーターの桁がMAX値に達して一周した場合の検針処理。料金明細の今回指示数に「（回帰）」と表示。逆回帰は誤検針等で回帰前に戻った場合で、必ずマイナス値となる。
推定検針,"ガス管理, メーター管理",スイテイケンシン,2026年3月29日 10:53,2026年3月29日 10:54,Yohei Sugisaki,推定,メーターの指示数を検針員が実際に読み取れず、お客さまによる読み取りもできなかった場合に、前月使用量と同量とみなして検針結果とする方法。料金明細に「（推定）」と表示。
OracleCloud,"ITインフラ, クラウドサービス",オラクルクラウド,2026年3月29日 10:53,2026年3月29日 10:54,Yohei Sugisaki,OCI,mTGバックエンドのクラウド基盤。VerUP・パッチ適用はiNETが担当し、影響調査・稼働確認はTG側が担当。
パッチョポイント,"mTG/myTOKYOGAS, ポイントプログラム",パッチョポイント,2026年3月29日 10:53,2026年3月29日 10:54,Yohei Sugisaki,,myTOKYOGAS会員向けポイントプログラム。エントリー（使用量確認・クイズ等）、アプリ（パッチョスロット）、ガス料金連動等で獲得し、提携ポイントへの交換や寄付が可能。
TG-Azure,"ITインフラ, クラウドサービス",ティージーアジュール,2026年3月29日 10:53,2026年3月29日 10:54,Yohei Sugisaki,,東京ガスが管理するMicrosoft Azure環境。mTGフロントエンドのホスティング基盤として利用。フロント側はTG、バックエンド側はiNETが担当。
プレ会員,"mTG/myTOKYOGAS, 会員管理",プレカイイン,2026年3月29日 10:53,2026年3月29日 10:54,Yohei Sugisaki,,WEB開閉栓経由で登録後、お客さま番号の紐付け待ちの会員種別。一部サービスのみ利用可。検針票電子化（2023年11月）により廃止。
ライト会員,"mTG/myTOKYOGAS, 会員管理",ライトカイイン,2026年3月29日 10:53,2026年3月29日 10:54,Yohei Sugisaki,,東京ガスWebショップ経由で登録した会員種別。mTGの一部サービスのみ利用可能。Webショップ終了（2023年9月）に伴い廃止。
電話認証パト,"ポイントプログラム, ユーザー認証",デンワニンショウパト,2026年3月29日 10:53,2026年3月29日 10:54,Yohei Sugisaki,電話認証パトロール,ポイント交換申請後に実施される電話認証の最終確認プロセス。申請→24時間猶予期間→電話認証パト→交換実施の流れ。寄付は猶予期間なし。
Ostearies,"システム, ユーザー認証",オステアリーズ,2026年3月29日 10:53,2026年3月29日 10:54,Yohei Sugisaki,,mTGの電話認証サービス。事前に登録された電話番号からの架電で本人確認を実施する外部連携システム。
特定電子メール法,"法令遵守, 法務関連",トクテイデンシメールホウ,2026年3月29日 10:54,2026年3月29日 10:54,Yohei Sugisaki,,迷惑メールを規制し良好なインターネット環境を保つための法律（2002年施行、2008年改正）。mTG会員へのプロモメール配信ではオプトイン方式の遵守が必要。
景品表示法,"法令遵守, 法務関連",ケイヒンヒョウジホウ,2026年3月29日 10:54,2026年3月29日 10:54,Yohei Sugisaki,景表法,消費者を誤認させる不当な広告や過大な景品の提供を禁止する法律。mTG会員向けキャンペーンやパッチョポイントの取扱い等で遵守が必要。
大口契約,"ガス契約管理, 契約用語",オオグチケイヤク,2026年3月29日 10:59,2026年3月29日 10:59,Yohei Sugisaki,,大規模なガス使用量を持つ契約。ガス事業法の観点で正しく明細を表示する必要があるが、mTG上で正確な明細表示ができないため、mTG対象外となる。
客番削除,"mTG/myTOKYOGAS, 会員管理",キャクバンサクジョ,2026年3月29日 10:59,2026年3月29日 10:59,Yohei Sugisaki,,myTOKYOGASのアカウント（お客さま番号）を1件削除する操作。ID統合と異なり、ポイント統合や名寄せは行わずアカウント自体を削除する。
ライフバル,"ガスサービス, 社内用語, 顧客訪問",ライフバル,2026年3月29日 10:59,2026年3月29日 10:59,Yohei Sugisaki,,東京ガスグループの地域サービス会社。ガス機器の販売・修理・保安点検・リフォームなど、対面の営業・サービス対応を担う。TG社員も一部営業やガス漏洩等の緊急対応を行うが、日常的な対面対応の主力はライフバルが担っている。
自主的な退会,"mTG/myTOKYOGAS, 会員管理",ジシュテキナタイカイ,2026年3月29日 10:59,2026年3月29日 10:59,Yohei Sugisaki,,お客さまが自らmyTOKYOGAS会員を退会すること。件数は非常に少ないが、ID重複によるメール配信を止めたい等の理由で発生する。
契約の再作成,"契約用語, 契約管理",ケイヤクノサイサクセイ,2026年3月29日 10:59,2026年3月29日 10:59,Yohei Sugisaki,,Krakenなどのシステムトラブルにより、既存の契約を一旦解約し即座に再契約する処理。非常にイレギュラーなケースで、主にシステム移行対象者で発生しうる。
一括契約,"ガス契約管理, 契約用語",イッカツケイヤク,2026年3月29日 10:59,2026年3月29日 10:59,Yohei Sugisaki,,親族など一人の支払者が複数契約分の料金をまとめて支払う契約形態。合算明細をmTG上で正しく表示できず、ガス事業法上の要件を満たせないためmTG会員対象外。一括請求（複数契約の請求をまとめるサービス）とは異なる概念。
ID統合,"ID管理, mTG/myTOKYOGAS, 会員管理",アイディートウゴウ,2026年3月29日 10:59,2026年3月29日 10:59,Yohei Sugisaki,,myTOKYOGASで複数のTG-IDを一つに統合する機能。お客さま自身で実施可能で、ポイントも統合される。引越しのたびにIDを新規作成してしまうケースで必要になることがある。
IES,"システム, 受付管理, 業務アプリケーション",アイイーエス,2026年3月29日 11:02,2026年3月29日 11:02,Yohei Sugisaki,,電気の申込書の内容を入力するシステム。IES→WISP→ACPT→（電力CIS or Kraken）の順で連携される。
保安閉栓,"ガス・電気, ガス操作, 安全点検",ホアンヘイセン,2026年3月29日 11:02,2026年3月29日 11:02,Yohei Sugisaki,,災害でガス管が影響を受ける場合に臨時で閉栓すること。閉栓した期間分、ガス代が割り引かれる。
請求統合,"契約用語, 料金計算, 請求サービス",セイキュウトウゴウ,2026年3月29日 11:02,2026年3月29日 11:02,Yohei Sugisaki,,臨時請求において、別の月分との請求を合算して請求するCIRIUSの機能。
シス変,"業務プロセス, 社内用語",シスヘン,2026年3月29日 11:02,2026年3月29日 11:02,Yohei Sugisaki,システム変更,Java等のプログラムや帳票レイアウトの改修が必要なシステム変更。デー変（DBデータのみの変更）と対になる概念。
ミニマスタ,"データベース, データ管理, 電力データ管理",ミニマスタ,2026年3月29日 11:02,2026年3月29日 11:02,Yohei Sugisaki,,電力CISが持つデータの一部をmyTOKYOGASにもコピーして保持しているデータベース。直接取得できない場合に参照される。
デー変,"業務プロセス, 社内用語",デーヘン,2026年3月29日 11:02,2026年3月29日 11:02,Yohei Sugisaki,データ変更,DBのテーブルデータのみの変更で対応が可能なシステム変更。シス変（Java等のプログラム改修が必要な変更）と対になる概念。
代替わり開栓,"ガス・電気, ガス操作, 契約管理",ダイガワリカイセン,2026年3月29日 11:02,2026年3月29日 11:02,Yohei Sugisaki,,ある住居の入居者が引越した後、別のお客さまが入居して新たに契約・開栓すること。
使用量協定,"ガス料金計算, メーター管理, 顧客対応",シヨウリョウキョウテイ,2026年3月29日 11:02,2026年3月29日 11:02,Yohei Sugisaki,,実際にはガスを使用しているがメーターが回っていなかった場合や、誤検針などの事由で、お客さまと使用量について調整を行うこと。
GPS,"エネルギーサービス, 小売戦略",ジーピーエス,2026年3月29日 11:21,2026年3月29日 11:21,Yohei Sugisaki,ガス・Power・ソリューション,ガス・Power（電力）・ソリューションの略。東京ガスの主要3商材領域を指す。重ね売りの対象商材カテゴリ。
C&BSCP,"社内用語, 組織改革",シーアンドビーエスシーピー,2026年3月29日 11:21,2026年3月29日 11:21,Yohei Sugisaki,カスタマー＆ビジネスソリューションカンパニー,Consumer & Business Solutions Company（カスタマー＆ビジネスソリューションカンパニー）。東京ガスのBtoC/BtoB事業を統括するカンパニー組織。
Auth0,"ユーザー認証, 新システム",オースゼロ,2026年3月29日 11:21,2026年3月29日 11:21,Yohei Sugisaki,,IDCSに代わる新認証基盤。Okta社のIDaaS製品。2027年度中旬稼働予定。
TGカスタマイズ,"新システム, 業務プロセス",ティージーカスタマイズ,2026年3月29日 11:21,2026年3月29日 11:21,Yohei Sugisaki,,Krakenの標準機能にない東京ガス固有のカスタマイズ開発。開発遅延・コスト増の主要因となっており、抑制プロセスが構築中。
ワークストリーム,"プロジェクト管理, 新システム",ワークストリーム,2026年3月29日 11:21,2026年3月29日 11:21,Yohei Sugisaki,WS,KMP（Kraken Migration PJ）内の機能別開発チーム単位。Billing WS、Payments WS、Industry WS等がある。
コフォート,"新システム, 業務プロセス",コフォート,2026年3月29日 11:21,2026年3月29日 11:21,Yohei Sugisaki,cohort,Krakenへのデータ移行を段階的に進める際のグループ単位。並行3〜4コフォートが適正とされる。
移管B,"契約管理, 新システム",イカンビー,2026年3月29日 11:21,2026年3月29日 11:21,Yohei Sugisaki,,電力ガス切り分け機能を使い、電気のみをKrakenに移行する移管方式。電気ガスセットの完全移行が困難な場合の代替手段。
名寄せ,"データ管理, 顧客管理",ナヨセ,2026年3月29日 11:21,2026年3月29日 11:21,Yohei Sugisaki,,複数システムに分散した同一顧客のデータを突合・統合する作業。TG-ID導入により不要化を目指している。現行TG-CRMの「下流巻き取り」方式で発生している複雑な運用。
エネルギー事業革新部,"社内用語, 組織改革",エネルギージギョウカクシンブ,2026年3月29日 11:21,2026年3月29日 11:21,Yohei Sugisaki,エネ事部,Kraken Migration PJ等の基幹刷新を推進する部門。ロングテール先回り検討チームの配置先。
ロングテール,"契約管理, 新システム",ロングテール,2026年3月29日 11:21,2026年3月29日 11:21,Yohei Sugisaki,,Kraken移管において、300万件移管後に残る約50万件の複雑な業務要件を持つ契約群（総合契約、一括請求、バーチャル口座等）。業務シンプル化（約款変更含む）をしなければ開発が超長期化する。
TG-LINK,"システム, 契約管理",ティージーリンク,2026年3月29日 11:21,2026年3月29日 11:21,Yohei Sugisaki,Igniture契約,エリア外展開等に使用されている既存の契約管理システム。EA構想では廃止対象だが、Krakenでの代替が遅れ暫定利用が継続している。
エナジーコンシェルジュ,,エナジーコンシェルジュ,2026年3月29日 11:23,2026年3月29日 11:23,Yohei Sugisaki,コンシェルジュ / EC,TGCS（東京ガスカスタマーサポート）の電話応対オペレーター。顧客の各種手続き・問い合わせに対応する。応答率目標85%に対し長期間50%前後で低迷しており、採用・育成が課題。
ROIC,,アールオーアイシー,2026年3月29日 11:24,2026年3月29日 11:24,Yohei Sugisaki,投下資本利益率 / Return on Invested Capital,Return on Invested Capital（投下資本利益率）。企業が調達した資本（株主資本＋有利子負債）に対してどれだけ効率的に利益を生んでいるかを示す財務指標。NOPAT÷投下資本で算出。ROICがWACC（加重平均資本コスト）を上回れば価値創造、下回れば価値毀損と判断される。